First Time: 1722563525.1834455; Last Time: 1722563597.934841; Total Time(s): 72.75139546394348;
First Time: 1722563597.9418433; Last Time: 1722563670.9512978; Total Time(s): 73.00945448875427;
First Time: 1722563670.978305; Last Time: 1722563744.58061; Total Time(s): 73.60230493545532;
First Time: 1722563744.5926144; Last Time: 1722563821.1178565; Total Time(s): 76.52524209022522;
First Time: 1722563821.1208558; Last Time: 1722563897.9397266; Total Time(s): 76.81887078285217;
First Time: 1722563897.9527311; Last Time: 1722563972.9756334; Total Time(s): 75.02290225028992;
First Time: 1722563972.9836373; Last Time: 1722564059.7947872; Total Time(s): 86.81114983558655;
First Time: 1722564059.8037915; Last Time: 1722564133.983548; Total Time(s): 74.17975640296936;
First Time: 1722564133.9885507; Last Time: 1722564207.0939555; Total Time(s): 73.1054048538208;
First Time: 1722567414.232242; Last Time: 1722567486.3755035; Total Time(s): 72.1432614326477;
First Time: 1722567486.3845065; Last Time: 1722567556.9264076; Total Time(s): 70.54190111160278;
First Time: 1722567639.4824178; Last Time: 1722567712.462899; Total Time(s): 72.98048114776611;
First Time: 1722567712.4749043; Last Time: 1722567805.7631435; Total Time(s): 93.28823924064636;
First Time: 1722567805.7711241; Last Time: 1722567928.327948; Total Time(s): 122.55682396888733;
First Time: 1722568009.16588; Last Time: 1722568107.101723; Total Time(s): 97.93584299087524;
First Time: 1722568107.1077259; Last Time: 1722568220.2946362; Total Time(s): 113.18691039085388;
First Time: 1722568220.3016386; Last Time: 1722568340.6193123; Total Time(s): 120.3176736831665;
First Time: 1722568912.469969; Last Time: 1722568937.6878963; Total Time(s): 25.21792721748352;
First Time: 1722568937.6978965; Last Time: 1722569067.6959453; Total Time(s): 129.99804878234863;
First Time: 1722569067.7159498; Last Time: 1722569188.9728692; Total Time(s): 121.25691938400269;
First Time: 1722569188.9768739; Last Time: 1722569309.9353635; Total Time(s): 120.95848965644836;
First Time: 1722569309.9403677; Last Time: 1722569434.0794363; Total Time(s): 124.13906860351562;
First Time: 1723261940.3678732; Last Time: 1723261994.4884849; Total Time(s): 54.12061166763306;
First Time: 1723261994.491595; Last Time: 1723262004.0058787; Total Time(s): 9.514283657073975;
First Time: 1723262174.8419816; Last Time: 1723262184.737474; Total Time(s): 9.895492315292358;
First Time: 1723262184.7424757; Last Time: 1723262239.184177; Total Time(s): 54.44170117378235;
First Time: 1723262239.1881797; Last Time: 1723262359.3295872; Total Time(s): 120.14140748977661;
First Time: 1723262359.3315876; Last Time: 1723262409.115091; Total Time(s): 49.78350353240967;
First Time: 1723262486.4974837; Last Time: 1723262501.0361397; Total Time(s): 14.538655996322632;
First Time: 1723262912.136751; Last Time: 1723263212.9203994; Total Time(s): 300.78364849090576;
First Time: 1723264017.686677; Last Time: 1723264322.2537897; Total Time(s): 304.5671126842499;
First Time: 1723264322.2867224; Last Time: 1723264353.8175876; Total Time(s): 31.53086519241333;
First Time: 1723264353.824589; Last Time: 1723264448.6443589; Total Time(s): 94.81976985931396;
First Time: 1723264448.6513605; Last Time: 1723264631.3744214; Total Time(s): 182.72306084632874;
First Time: 1723264631.3784294; Last Time: 1723264721.9290078; Total Time(s): 90.55057835578918;
First Time: 1723264721.934013; Last Time: 1723264825.6087902; Total Time(s): 103.6747772693634;
First Time: 1723264825.6137993; Last Time: 1723264912.1579375; Total Time(s): 86.5441381931305;
First Time: 1723264912.1609378; Last Time: 1723264939.9301696; Total Time(s): 27.76923179626465;
First Time: 1723264939.9342742; Last Time: 1723264963.1400127; Total Time(s): 23.20573854446411;
First Time: 1723750877.395166; Last Time: 1723750899.8893476; Total Time(s): 22.494181632995605;
First Time: 1723751146.0537577; Last Time: 1723751169.0810752; Total Time(s): 23.0273175239563;
First Time: 1723751169.087075; Last Time: 1723751266.9028118; Total Time(s): 97.81573677062988;
First Time: 1723751266.9068167; Last Time: 1723751294.3257105; Total Time(s): 27.418893814086914;
First Time: 1723751294.3277109; Last Time: 1723751383.2731683; Total Time(s): 88.9454574584961;
First Time: 1723751383.2751696; Last Time: 1723751493.8715804; Total Time(s): 110.59641075134277;
First Time: 1723751493.876582; Last Time: 1723751594.0274057; Total Time(s): 100.15082383155823;
First Time: 1723751594.030408; Last Time: 1723751666.8147368; Total Time(s): 72.78432893753052;
First Time: 1723751666.819776; Last Time: 1723751967.3388278; Total Time(s): 300.5190517902374;
First Time: 1723751967.344828; Last Time: 1723751988.6302211; Total Time(s): 21.285393238067627;
First Time: 1723752044.6203687; Last Time: 1723752071.1920826; Total Time(s): 26.57171392440796;
First Time: 1723752071.1991029; Last Time: 1723752209.699018; Total Time(s): 138.49991512298584;
First Time: 1723752209.7030132; Last Time: 1723752363.0959272; Total Time(s): 153.39291405677795;
First Time: 1723752363.10693; Last Time: 1723752492.4528332; Total Time(s): 129.34590315818787;
First Time: 1723752492.4548323; Last Time: 1723752792.6578898; Total Time(s): 300.2030575275421;
First Time: 1723752792.6598794; Last Time: 1723752896.2411234; Total Time(s): 103.5812439918518;
First Time: 1723752896.2441273; Last Time: 1723752927.310973; Total Time(s): 31.066845655441284;
First Time: 1723752927.3149734; Last Time: 1723753022.631972; Total Time(s): 95.31699872016907;
First Time: 1723753022.6339724; Last Time: 1723753050.6490653; Total Time(s): 28.015092849731445;
First Time: 1723753050.6570678; Last Time: 1723753078.9692137; Total Time(s): 28.312145948410034;
First Time: 1723753079.3043053; Last Time: 1723753238.8707013; Total Time(s): 159.5663959980011;
First Time: 1723753238.8767028; Last Time: 1723753321.41688; Total Time(s): 82.5401771068573;
First Time: 1723753321.4188797; Last Time: 1723753409.8610816; Total Time(s): 88.44220185279846;
First Time: 1723753409.86408; Last Time: 1723753502.749634; Total Time(s): 92.88555407524109;
First Time: 1723753502.7515123; Last Time: 1723753587.2886636; Total Time(s): 84.53715133666992;
First Time: 1723753587.2915227; Last Time: 1723753887.5017645; Total Time(s): 300.2102417945862;
First Time: 1723753887.5027654; Last Time: 1723753943.1733847; Total Time(s): 55.67061924934387;
First Time: 1723753943.3164196; Last Time: 1723754020.6164534; Total Time(s): 77.30003380775452;
First Time: 1723754020.6184576; Last Time: 1723754111.6401258; Total Time(s): 91.02166819572449;
First Time: 1723754111.6431265; Last Time: 1723754195.549483; Total Time(s): 83.90635657310486;
First Time: 1723754195.552385; Last Time: 1723754277.74266; Total Time(s): 82.19027495384216;
First Time: 1723754277.7445195; Last Time: 1723754360.4630718; Total Time(s): 82.71855235099792;
First Time: 1723754360.4650726; Last Time: 1723754447.9231699; Total Time(s): 87.45809721946716;
First Time: 1723755049.1777143; Last Time: 1723755350.2959423; Total Time(s): 301.1182279586792;
First Time: 1723755350.3009455; Last Time: 1723755445.5681546; Total Time(s): 95.26720905303955;
First Time: 1723755445.5711553; Last Time: 1723755745.7872646; Total Time(s): 300.21610927581787;
First Time: 1723756398.949544; Last Time: 1723756464.5260873; Total Time(s): 65.57654333114624;
First Time: 1723756464.5380917; Last Time: 1723756553.6491332; Total Time(s): 89.11104154586792;
First Time: 1723756553.65514; Last Time: 1723756648.9669206; Total Time(s): 95.31178069114685;
First Time: 1723756648.9718328; Last Time: 1723756720.2174501; Total Time(s): 71.24561738967896;
First Time: 1723756720.222454; Last Time: 1723756750.5157306; Total Time(s): 30.29327654838562;
First Time: 1723756750.5187294; Last Time: 1723756864.1422071; Total Time(s): 113.62347769737244;
First Time: 1723756864.1472075; Last Time: 1723757172.6599257; Total Time(s): 308.5127182006836;
First Time: 1723757172.663925; Last Time: 1723758400.2940626; Total Time(s): 1227.630137681961;
First Time: 1723758400.3000655; Last Time: 1723759932.1636164; Total Time(s): 1531.863550901413;
First Time: 1723759932.1876261; Last Time: 1723760123.3931875; Total Time(s): 191.20556139945984;
First Time: 1723760123.8553255; Last Time: 1723760297.1700063; Total Time(s): 173.31468081474304;
First Time: 1723760297.174887; Last Time: 1723760429.6163578; Total Time(s): 132.44147086143494;
First Time: 1723760429.6193564; Last Time: 1723760849.6118987; Total Time(s): 419.9925422668457;
First Time: 1723760849.615895; Last Time: 1723760918.0355742; Total Time(s): 68.41967916488647;
First Time: 1723769516.6488483; Last Time: 1723769543.4846256; Total Time(s): 26.835777282714844;
First Time: 1723769543.4906287; Last Time: 1723769581.8856006; Total Time(s): 38.39497184753418;
First Time: 1723769581.8906033; Last Time: 1723769607.936699; Total Time(s): 26.046095609664917;
First Time: 1723769743.1377933; Last Time: 1723769765.0803103; Total Time(s): 21.942517042160034;
First Time: 1723770387.283648; Last Time: 1723770523.6491363; Total Time(s): 136.36548829078674;
First Time: 1723770523.6601462; Last Time: 1723770626.3500636; Total Time(s): 102.68991732597351;
First Time: 1723771295.2243676; Last Time: 1723771414.8289762; Total Time(s): 119.6046085357666;
First Time: 1723863443.1144676; Last Time: 1723863512.7570148; Total Time(s): 69.64254713058472;
First Time: 1723863512.7630181; Last Time: 1723863583.498849; Total Time(s): 70.735830783844;
First Time: 1723863583.5078523; Last Time: 1723863654.9408793; Total Time(s): 71.43302702903748;
First Time: 1723863654.9438796; Last Time: 1723863725.6597748; Total Time(s): 70.71589517593384;
First Time: 1723863725.6657765; Last Time: 1723863795.132847; Total Time(s): 69.46707057952881;
First Time: 1723863795.134848; Last Time: 1723863864.5149257; Total Time(s): 69.38007760047913;
First Time: 1723863864.517926; Last Time: 1723863934.576584; Total Time(s): 70.05865812301636;
First Time: 1723863934.588587; Last Time: 1723864010.0921843; Total Time(s): 75.50359725952148;
First Time: 1723864010.0981889; Last Time: 1723864080.0538363; Total Time(s): 69.9556474685669;
First Time: 1723864080.0558374; Last Time: 1723864151.070757; Total Time(s): 71.01491951942444;
First Time: 1723864151.490861; Last Time: 1723864221.2134585; Total Time(s): 69.72259759902954;
First Time: 1723864221.2154589; Last Time: 1723864292.1573617; Total Time(s): 70.94190287590027;
First Time: 1723864292.1873713; Last Time: 1723864363.190737; Total Time(s): 71.00336575508118;
First Time: 1723864363.1977317; Last Time: 1723864434.842486; Total Time(s): 71.64475417137146;
First Time: 1723864434.8470447; Last Time: 1723864599.6665525; Total Time(s): 164.81950783729553;
First Time: 1723864599.851121; Last Time: 1723864740.287082; Total Time(s): 140.4359610080719;
First Time: 1723864740.3021033; Last Time: 1723864810.5715375; Total Time(s): 70.2694342136383;
First Time: 1723864810.5745413; Last Time: 1723864880.6932564; Total Time(s): 70.1187150478363;
First Time: 1723864880.711263; Last Time: 1723864951.3935466; Total Time(s): 70.68228363990784;
First Time: 1723864951.4025507; Last Time: 1723865022.8134537; Total Time(s): 71.41090297698975;
First Time: 1723865022.8164475; Last Time: 1723865093.4403512; Total Time(s): 70.62390375137329;
First Time: 1723865093.4493144; Last Time: 1723865233.0937674; Total Time(s): 139.64445304870605;
First Time: 1723865233.1025872; Last Time: 1723865299.3263817; Total Time(s): 66.22379446029663;
First Time: 1723865299.550439; Last Time: 1723865366.6089442; Total Time(s): 67.05850529670715;
First Time: 1723865366.6139472; Last Time: 1723865435.8214586; Total Time(s): 69.20751142501831;
First Time: 1723865435.8244607; Last Time: 1723865504.6433988; Total Time(s): 68.81893801689148;
First Time: 1723865504.6513996; Last Time: 1723865570.9191823; Total Time(s): 66.26778268814087;
First Time: 1723865570.9241848; Last Time: 1723865643.3555503; Total Time(s): 72.43136548995972;
First Time: 1723865643.3625526; Last Time: 1723865708.8511372; Total Time(s): 65.48858451843262;
First Time: 1723865708.8561437; Last Time: 1723865781.5505514; Total Time(s): 72.69440770149231;
First Time: 1723865781.557556; Last Time: 1723865850.343041; Total Time(s): 68.78548502922058;
First Time: 1723865850.605109; Last Time: 1723865918.506314; Total Time(s): 67.90120506286621;
First Time: 1723865918.5123255; Last Time: 1723865998.2324693; Total Time(s): 79.72014379501343;
First Time: 1723865998.235467; Last Time: 1723866140.1270363; Total Time(s): 141.89156937599182;
First Time: 1723866140.1320393; Last Time: 1723866213.8751273; Total Time(s): 73.74308800697327;
First Time: 1723866213.8811393; Last Time: 1723866281.4942935; Total Time(s): 67.61315417289734;
First Time: 1723866281.500295; Last Time: 1723866353.4094849; Total Time(s): 71.9091899394989;
First Time: 1723866353.6035514; Last Time: 1723866418.293906; Total Time(s): 64.69035458564758;
First Time: 1723866418.3009079; Last Time: 1723866489.651946; Total Time(s): 71.35103821754456;
First Time: 1723866489.6589468; Last Time: 1723866560.2309976; Total Time(s): 70.57205080986023;
First Time: 1723866560.234993; Last Time: 1723866625.5015137; Total Time(s): 65.26652073860168;
First Time: 1723866625.5085154; Last Time: 1723866694.8685718; Total Time(s): 69.36005640029907;
First Time: 1723866694.8755734; Last Time: 1723866761.6720083; Total Time(s): 66.79643487930298;
First Time: 1723866761.6789756; Last Time: 1723866829.8737483; Total Time(s): 68.19477272033691;
First Time: 1723867044.0687973; Last Time: 1723867113.8793046; Total Time(s): 69.81050729751587;
First Time: 1723867113.8873053; Last Time: 1723867186.0279906; Total Time(s): 72.14068531990051;
First Time: 1723867186.0539913; Last Time: 1723867258.0161295; Total Time(s): 71.96213817596436;
First Time: 1723867258.0181289; Last Time: 1723867330.0938716; Total Time(s): 72.07574272155762;
First Time: 1723867330.096874; Last Time: 1723867400.4345744; Total Time(s): 70.33770036697388;
First Time: 1723867400.4426124; Last Time: 1723867472.9428878; Total Time(s): 72.50027537345886;
First Time: 1723867472.9458888; Last Time: 1723867595.0822191; Total Time(s): 122.13633036613464;
First Time: 1723867595.0912216; Last Time: 1723867724.3377962; Total Time(s): 129.24657464027405;
First Time: 1723867724.3457966; Last Time: 1723867814.2110565; Total Time(s): 89.86525988578796;
First Time: 1723867814.2210596; Last Time: 1723867964.908083; Total Time(s): 150.68702340126038;
First Time: 1723867965.154144; Last Time: 1723868036.2160647; Total Time(s): 71.06192064285278;
First Time: 1723868036.2190661; Last Time: 1723868108.0682204; Total Time(s): 71.8491542339325;
First Time: 1723868108.0762246; Last Time: 1723868177.7668178; Total Time(s): 69.69059324264526;
First Time: 1723868177.7758148; Last Time: 1723868248.4826725; Total Time(s): 70.70685768127441;
First Time: 1723868248.4926763; Last Time: 1723868318.5323787; Total Time(s): 70.03970241546631;
First Time: 1723868318.5363858; Last Time: 1723868386.5665936; Total Time(s): 68.03020787239075;
First Time: 1723868386.572595; Last Time: 1723868456.682343; Total Time(s): 70.1097481250763;
First Time: 1723868457.0144286; Last Time: 1723868526.88111; Total Time(s): 69.86668133735657;
First Time: 1723868526.8841126; Last Time: 1723868596.4391532; Total Time(s): 69.55504059791565;
First Time: 1723868596.4431555; Last Time: 1723868666.6029038; Total Time(s): 70.15974831581116;
First Time: 1723868737.709809; Last Time: 1723868808.3316371; Total Time(s): 70.62182807922363;
First Time: 1723870333.7063627; Last Time: 1723870403.4439561; Total Time(s): 69.73759341239929;
First Time: 1723870403.4519584; Last Time: 1723870473.420651; Total Time(s): 69.96869254112244;
First Time: 1723870624.3863308; Last Time: 1723870697.115253; Total Time(s): 72.72892212867737;
First Time: 1723870697.1292543; Last Time: 1723870769.094496; Total Time(s): 71.96524167060852;
First Time: 1723870769.1064994; Last Time: 1723870842.7831209; Total Time(s): 73.67662143707275;
First Time: 1723870842.7901247; Last Time: 1723870911.0514011; Total Time(s): 68.26127648353577;
First Time: 1723870911.0594037; Last Time: 1723870981.1421268; Total Time(s): 70.08272314071655;
First Time: 1723871118.6190884; Last Time: 1723871188.4127383; Total Time(s): 69.7936499118805;
First Time: 1724050103.1067333; Last Time: 1724050177.827692; Total Time(s): 74.7209587097168;
First Time: 1724050482.8662307; Last Time: 1724050552.721765; Total Time(s): 69.85553431510925;
First Time: 1724050552.7257667; Last Time: 1724050623.2045836; Total Time(s): 70.47881698608398;
First Time: 1724050623.2275882; Last Time: 1724050690.758213; Total Time(s): 67.5306248664856;
First Time: 1724050690.7652466; Last Time: 1724050761.8642073; Total Time(s): 71.09896063804626;
First Time: 1724083424.5174248; Last Time: 1724083485.1517627; Total Time(s): 60.63433790206909;
First Time: 1724083485.1627672; Last Time: 1724083551.2889955; Total Time(s): 66.12622833251953;
First Time: 1724092409.5812166; Last Time: 1724092478.1254811; Total Time(s): 68.54426455497742;
First Time: 1724092478.1294818; Last Time: 1724092542.3012292; Total Time(s): 64.17174744606018;
First Time: 1724092542.311233; Last Time: 1724092607.5327673; Total Time(s): 65.22153425216675;
First Time: 1724092929.2417443; Last Time: 1724092998.235304; Total Time(s): 68.99355983734131;
First Time: 1724093052.195908; Last Time: 1724093121.442452; Total Time(s): 69.24654388427734;
First Time: 1724093121.4504533; Last Time: 1724093185.8827853; Total Time(s): 64.4323320388794;
First Time: 1724093185.8897865; Last Time: 1724093249.8754983; Total Time(s): 63.98571181297302;
First Time: 1724093577.4479797; Last Time: 1724093635.133105; Total Time(s): 57.68512535095215;
First Time: 1724093635.1391094; Last Time: 1724093703.931686; Total Time(s): 68.79257655143738;
First Time: 1724093703.937689; Last Time: 1724093773.9444916; Total Time(s): 70.00680255889893;
First Time: 1724094883.7526255; Last Time: 1724094949.9549456; Total Time(s): 66.20232009887695;
First Time: 1724094949.9619474; Last Time: 1724095020.6407833; Total Time(s): 70.67883586883545;
First Time: 1724095020.6457746; Last Time: 1724095091.9127905; Total Time(s): 71.26701593399048;
First Time: 1724095091.9157908; Last Time: 1724095157.886008; Total Time(s): 65.97021722793579;
First Time: 1724095311.8185782; Last Time: 1724095381.0515416; Total Time(s): 69.23296332359314;
First Time: 1724095453.4893527; Last Time: 1724095521.8466465; Total Time(s): 68.35729384422302;
First Time: 1724095521.8576484; Last Time: 1724095595.6423836; Total Time(s): 73.7847352027893;
First Time: 1724095595.6473854; Last Time: 1724095666.5048285; Total Time(s): 70.85744309425354;
First Time: 1724095666.5138333; Last Time: 1724095735.9294112; Total Time(s): 69.41557788848877;
First Time: 1724095735.9324143; Last Time: 1724095805.2300649; Total Time(s): 69.29765057563782;
First Time: 1724095805.2380662; Last Time: 1724095874.7606738; Total Time(s): 69.52260756492615;
First Time: 1724095874.762673; Last Time: 1724095944.638335; Total Time(s): 69.87566208839417;
First Time: 1724095944.6433384; Last Time: 1724096015.0210595; Total Time(s): 70.37772107124329;
First Time: 1724096111.2065792; Last Time: 1724096180.7636175; Total Time(s): 69.55703830718994;
First Time: 1724096180.7736232; Last Time: 1724096252.0176256; Total Time(s): 71.24400234222412;
First Time: 1724096252.023628; Last Time: 1724096319.7722683; Total Time(s): 67.74864029884338;
First Time: 1724096319.7852726; Last Time: 1724096405.366; Total Time(s): 85.5807273387909;
First Time: 1724096479.8584673; Last Time: 1724096549.432949; Total Time(s): 69.57448172569275;
First Time: 1724096549.4409523; Last Time: 1724096618.8824615; Total Time(s): 69.44150924682617;
First Time: 1724096618.8854625; Last Time: 1724096689.5022707; Total Time(s): 70.61680817604065;
First Time: 1724096689.5052712; Last Time: 1724096759.842076; Total Time(s): 70.33680486679077;
First Time: 1724096759.850085; Last Time: 1724096830.2768586; Total Time(s): 70.42677354812622;
First Time: 1724096830.2838588; Last Time: 1724096899.5003362; Total Time(s): 69.216477394104;
First Time: 1724096899.5033357; Last Time: 1724096969.8436458; Total Time(s): 70.34031009674072;
First Time: 1724096969.8466444; Last Time: 1724097041.0551865; Total Time(s): 71.20854210853577;
First Time: 1724097041.0591877; Last Time: 1724097110.839637; Total Time(s): 69.78044939041138;
First Time: 1724097110.8426373; Last Time: 1724097181.5894396; Total Time(s): 70.74680233001709;
First Time: 1724097182.2286005; Last Time: 1724097251.5305247; Total Time(s): 69.30192422866821;
First Time: 1724097251.5335283; Last Time: 1724097326.197047; Total Time(s): 74.66351866722107;
First Time: 1724097326.258066; Last Time: 1724097397.7181191; Total Time(s): 71.46005320549011;
First Time: 1724097397.7211223; Last Time: 1724097468.3369296; Total Time(s): 70.61580729484558;
First Time: 1724097468.358936; Last Time: 1724097538.3401928; Total Time(s): 69.98125672340393;
First Time: 1724097538.3451917; Last Time: 1724097608.985104; Total Time(s): 70.63991236686707;
First Time: 1724097608.9881053; Last Time: 1724097681.077093; Total Time(s): 72.08898758888245;
First Time: 1724097681.0820959; Last Time: 1724097750.4777226; Total Time(s): 69.39562678337097;
First Time: 1724097750.683775; Last Time: 1724097823.1038368; Total Time(s): 72.42006182670593;
First Time: 1724097823.1108434; Last Time: 1724097893.8763125; Total Time(s): 70.76546907424927;
First Time: 1724097893.882315; Last Time: 1724097964.1875968; Total Time(s): 70.3052818775177;
First Time: 1724097964.2026012; Last Time: 1724098034.2645674; Total Time(s): 70.06196618080139;
First Time: 1724098034.2705708; Last Time: 1724098104.0107434; Total Time(s): 69.74017262458801;
First Time: 1724098104.0137434; Last Time: 1724098176.232637; Total Time(s): 72.21889352798462;
First Time: 1724098176.2386405; Last Time: 1724098246.514541; Total Time(s): 70.27590036392212;
First Time: 1724098246.5215437; Last Time: 1724098315.9571483; Total Time(s): 69.43560457229614;
First Time: 1724098316.2042103; Last Time: 1724098387.128096; Total Time(s): 70.92388582229614;
First Time: 1724098387.1341019; Last Time: 1724098460.9554286; Total Time(s): 73.8213267326355;
First Time: 1724098460.963431; Last Time: 1724098532.7003355; Total Time(s): 71.73690462112427;
First Time: 1724098532.706337; Last Time: 1724098602.8418834; Total Time(s): 70.13554644584656;
First Time: 1724098602.8478918; Last Time: 1724098672.164444; Total Time(s): 69.31655216217041;
First Time: 1724098672.1684394; Last Time: 1724098741.7231429; Total Time(s): 69.5547034740448;
First Time: 1724098741.7351446; Last Time: 1724098814.8088665; Total Time(s): 73.07372188568115;
First Time: 1724098814.8148668; Last Time: 1724098883.2263544; Total Time(s): 68.4114875793457;
First Time: 1724098883.4184034; Last Time: 1724098954.9831116; Total Time(s): 71.56470823287964;
First Time: 1724098954.9901142; Last Time: 1724099024.4119277; Total Time(s): 69.42181348800659;
First Time: 1724099024.4149306; Last Time: 1724099096.1142569; Total Time(s): 71.69932627677917;
First Time: 1724099096.1232448; Last Time: 1724099167.6455004; Total Time(s): 71.5222556591034;
First Time: 1724099167.6524901; Last Time: 1724099242.1945596; Total Time(s): 74.54206943511963;
First Time: 1724099242.2095642; Last Time: 1724099314.2950792; Total Time(s): 72.08551502227783;
First Time: 1724099314.4851274; Last Time: 1724099384.4368007; Total Time(s): 69.95167326927185;
First Time: 1724099384.4418023; Last Time: 1724099451.8140101; Total Time(s): 67.37220788002014;
First Time: 1724099452.0090618; Last Time: 1724099525.3702471; Total Time(s): 73.36118531227112;
First Time: 1724099525.3752494; Last Time: 1724099595.5648255; Total Time(s): 70.18957614898682;
First Time: 1724099595.5678267; Last Time: 1724099663.0435467; Total Time(s): 67.47571992874146;
First Time: 1724099663.0495505; Last Time: 1724099732.515623; Total Time(s): 69.46607255935669;
First Time: 1724099732.5216324; Last Time: 1724099805.3361683; Total Time(s): 72.81453585624695;
First Time: 1724099805.3441732; Last Time: 1724099876.9424994; Total Time(s): 71.59832620620728;
First Time: 1724099876.9485378; Last Time: 1724099946.513155; Total Time(s): 69.56461715698242;
First Time: 1724099946.5201564; Last Time: 1724100015.92272; Total Time(s): 69.40256357192993;
First Time: 1724100015.924721; Last Time: 1724100086.1296; Total Time(s): 70.20487904548645;
First Time: 1724100087.2278798; Last Time: 1724100159.6519284; Total Time(s): 72.42404866218567;
First Time: 1724100159.6561027; Last Time: 1724100229.4844275; Total Time(s): 69.82832479476929;
First Time: 1724100229.493428; Last Time: 1724100302.339955; Total Time(s): 72.84652709960938;
First Time: 1724100302.3449588; Last Time: 1724100373.6759975; Total Time(s): 71.3310387134552;
First Time: 1724100373.6810007; Last Time: 1724100444.6579332; Total Time(s): 70.97693252563477;
First Time: 1724100444.6619349; Last Time: 1724100514.7446628; Total Time(s): 70.08272790908813;
First Time: 1724100514.7696676; Last Time: 1724100585.108479; Total Time(s): 70.33881139755249;
First Time: 1724100585.151494; Last Time: 1724100658.1439586; Total Time(s): 72.99246454238892;
First Time: 1724100658.5830727; Last Time: 1724100730.4457815; Total Time(s): 71.86270880699158;
First Time: 1724100730.4507816; Last Time: 1724100800.2931392; Total Time(s): 69.84235763549805;
First Time: 1724100902.6000338; Last Time: 1724100972.0956163; Total Time(s): 69.4955825805664;
First Time: 1724101068.2545805; Last Time: 1724101258.870306; Total Time(s): 190.61572551727295;
First Time: 1724101685.8528042; Last Time: 1724101714.755945; Total Time(s): 28.903140783309937;
First Time: 1724101714.7599475; Last Time: 1724101731.5143576; Total Time(s): 16.75441002845764;
First Time: 1724101731.5183647; Last Time: 1724101759.8245595; Total Time(s): 28.30619478225708;
First Time: 1724101759.8274877; Last Time: 1724101792.577747; Total Time(s): 32.75025939941406;
First Time: 1724101792.5807486; Last Time: 1724101811.213461; Total Time(s): 18.632712364196777;
First Time: 1724101811.2164626; Last Time: 1724101846.16895; Total Time(s): 34.95248746871948;
First Time: 1724101846.171954; Last Time: 1724101875.7644444; Total Time(s): 29.592490434646606;
First Time: 1724101875.7674456; Last Time: 1724101908.4738107; Total Time(s): 32.70636510848999;
First Time: 1724101908.476712; Last Time: 1724101943.39963; Total Time(s): 34.92291808128357;
First Time: 1724101943.4076328; Last Time: 1724101977.6917806; Total Time(s): 34.2841477394104;
First Time: 1724101977.9678507; Last Time: 1724102010.84742; Total Time(s): 32.87956929206848;
First Time: 1724102010.8504224; Last Time: 1724102039.204585; Total Time(s): 28.35416269302368;
First Time: 1724102039.2075882; Last Time: 1724102069.4141307; Total Time(s): 30.206542491912842;
First Time: 1724102069.4201355; Last Time: 1724102119.9459574; Total Time(s): 50.525821924209595;
First Time: 1724102119.94886; Last Time: 1724102141.4862359; Total Time(s): 21.537375926971436;
First Time: 1724102141.4912384; Last Time: 1724102166.7845585; Total Time(s): 25.293320178985596;
First Time: 1724102166.7925596; Last Time: 1724102201.5863414; Total Time(s): 34.793781757354736;
First Time: 1724102201.5882468; Last Time: 1724102227.8299096; Total Time(s): 26.241662740707397;
First Time: 1724102227.8358154; Last Time: 1724102263.8358257; Total Time(s): 36.0000102519989;
First Time: 1724102263.9748578; Last Time: 1724102302.5955133; Total Time(s): 38.62065553665161;
First Time: 1724102302.5995224; Last Time: 1724102336.7030382; Total Time(s): 34.10351586341858;
First Time: 1724102336.7060392; Last Time: 1724102366.6875443; Total Time(s): 29.981505155563354;
First Time: 1724102366.6915488; Last Time: 1724102407.589196; Total Time(s): 40.89764714241028;
First Time: 1724102407.5931997; Last Time: 1724102428.536491; Total Time(s): 20.943291187286377;
First Time: 1724102428.539492; Last Time: 1724102449.4413087; Total Time(s): 20.901816844940186;
First Time: 1724102449.606253; Last Time: 1724102468.0158725; Total Time(s): 18.409619569778442;
First Time: 1724102468.0198784; Last Time: 1724102486.823633; Total Time(s): 18.803754568099976;
First Time: 1724102486.8266392; Last Time: 1724102507.6018896; Total Time(s): 20.77525043487549;
First Time: 1724102507.6048899; Last Time: 1724102543.3985438; Total Time(s): 35.79365396499634;
First Time: 1724102543.4035525; Last Time: 1724102568.03619; Total Time(s): 24.63263750076294;
First Time: 1724102568.0391908; Last Time: 1724102589.578541; Total Time(s): 21.539350271224976;
First Time: 1724102589.5825446; Last Time: 1724102611.0190058; Total Time(s): 21.436461210250854;
First Time: 1724102611.0219126; Last Time: 1724102649.1924639; Total Time(s): 38.17055130004883;
First Time: 1724102649.1994717; Last Time: 1724102686.4437823; Total Time(s): 37.2443106174469;
First Time: 1724102686.5838184; Last Time: 1724102708.8964427; Total Time(s): 22.312624216079712;
First Time: 1724102708.8994434; Last Time: 1724102743.2520385; Total Time(s): 34.35259509086609;
First Time: 1724102743.2560415; Last Time: 1724102768.2903337; Total Time(s): 25.034292221069336;
First Time: 1724102768.2943356; Last Time: 1724102789.9998703; Total Time(s): 21.70553469657898;
First Time: 1724103009.2214918; Last Time: 1724103032.0776298; Total Time(s): 22.856137990951538;
First Time: 1724103032.0826294; Last Time: 1724103066.4296565; Total Time(s): 34.34702706336975;
First Time: 1724103066.432658; Last Time: 1724103089.1113539; Total Time(s): 22.678695917129517;
First Time: 1724103089.1133578; Last Time: 1724103114.5237124; Total Time(s): 25.410354614257812;
First Time: 1724103584.3640385; Last Time: 1724103603.2291262; Total Time(s): 18.865087747573853;
First Time: 1724103603.2331288; Last Time: 1724103638.0208344; Total Time(s): 34.78770565986633;
First Time: 1724103638.0258424; Last Time: 1724103659.378527; Total Time(s): 21.352684497833252;
First Time: 1724103659.3815265; Last Time: 1724103687.904666; Total Time(s): 28.523139476776123;
First Time: 1724103781.5634518; Last Time: 1724103803.6259818; Total Time(s): 22.062530040740967;
First Time: 1724103803.6389842; Last Time: 1724103844.9434335; Total Time(s): 41.30444931983948;
First Time: 1724103844.9473395; Last Time: 1724103886.906802; Total Time(s): 41.9594624042511;
First Time: 1724104146.671738; Last Time: 1724104191.9060705; Total Time(s): 45.23433256149292;
First Time: 1724104659.6899254; Last Time: 1724104690.8057055; Total Time(s): 31.115780115127563;
First Time: 1724104690.8107076; Last Time: 1724104725.3017757; Total Time(s): 34.49106812477112;
First Time: 1724104725.304778; Last Time: 1724104749.0052748; Total Time(s): 23.700496673583984;
First Time: 1724104749.008277; Last Time: 1724104785.6460505; Total Time(s): 36.637773513793945;
First Time: 1724104785.6490521; Last Time: 1724104823.1675081; Total Time(s): 37.51845598220825;
First Time: 1724104823.172513; Last Time: 1724104869.884863; Total Time(s): 46.7123498916626;
First Time: 1724105017.4254441; Last Time: 1724105038.4877067; Total Time(s): 21.062262535095215;
First Time: 1724105038.4947095; Last Time: 1724105062.9888842; Total Time(s): 24.49417471885681;
First Time: 1724105062.9928856; Last Time: 1724105106.602365; Total Time(s): 43.60947942733765;
First Time: 1724105106.6573782; Last Time: 1724105150.2316904; Total Time(s): 43.57431221008301;
First Time: 1724105150.234692; Last Time: 1724105184.3732615; Total Time(s): 34.138569355010986;
First Time: 1724105184.3772638; Last Time: 1724105223.3870082; Total Time(s): 39.00974440574646;
First Time: 1724105223.3940125; Last Time: 1724105244.4223068; Total Time(s): 21.028294324874878;
First Time: 1724105244.426313; Last Time: 1724105284.083911; Total Time(s): 39.65759801864624;
First Time: 1724105396.5757706; Last Time: 1724105498.3970501; Total Time(s): 101.82127952575684;
First Time: 1724105498.419965; Last Time: 1724106098.6778553; Total Time(s): 600.2578902244568;
First Time: 1724106098.684861; Last Time: 1724106121.6696775; Total Time(s): 22.984816551208496;
First Time: 1724106121.6736858; Last Time: 1724106149.865811; Total Time(s): 28.19212532043457;
First Time: 1724106149.8698165; Last Time: 1724106178.477612; Total Time(s): 28.607795476913452;
First Time: 1724106178.48063; Last Time: 1724106207.7260094; Total Time(s): 29.24537944793701;
First Time: 1724106207.7290092; Last Time: 1724106236.4372873; Total Time(s): 28.7082781791687;
First Time: 1724106236.4402869; Last Time: 1724106268.3693614; Total Time(s): 31.92907452583313;
First Time: 1724106268.373362; Last Time: 1724106296.5574994; Total Time(s): 28.18413734436035;
First Time: 1724106296.5615022; Last Time: 1724106324.780638; Total Time(s): 28.219135761260986;
First Time: 1724106325.083713; Last Time: 1724106348.4237282; Total Time(s): 23.340015172958374;
First Time: 1724106348.4277554; Last Time: 1724106948.5679035; Total Time(s): 600.1401481628418;
First Time: 1724106948.5699058; Last Time: 1724106975.6547444; Total Time(s): 27.08483862876892;
First Time: 1724106975.6577475; Last Time: 1724107003.01468; Total Time(s): 27.356932401657104;
First Time: 1724107003.0176797; Last Time: 1724107032.4451525; Total Time(s): 29.427472829818726;
First Time: 1724107032.4481535; Last Time: 1724107060.1821833; Total Time(s): 27.73402976989746;
First Time: 1724107060.3192189; Last Time: 1724107660.4783516; Total Time(s): 600.1591327190399;
First Time: 1724108299.339338; Last Time: 1724108323.7950099; Total Time(s): 24.455671787261963;
First Time: 1724108323.8010094; Last Time: 1724108365.872687; Total Time(s): 42.071677684783936;
First Time: 1724108365.8756902; Last Time: 1724108390.5388985; Total Time(s): 24.66320824623108;
First Time: 1724108390.5409005; Last Time: 1724108416.921532; Total Time(s): 26.38063144683838;
First Time: 1724108416.9245334; Last Time: 1724108444.8996453; Total Time(s): 27.975111961364746;
First Time: 1724108444.902646; Last Time: 1724109045.0932589; Total Time(s): 600.1906127929688;
First Time: 1724109938.5279777; Last Time: 1724109959.5664194; Total Time(s): 21.03844165802002;
First Time: 1724109959.5704281; Last Time: 1724109984.2316644; Total Time(s): 24.66123628616333;
First Time: 1724111691.7216434; Last Time: 1724111715.9287639; Total Time(s): 24.207120418548584;
First Time: 1724111715.932766; Last Time: 1724111744.9290872; Total Time(s): 28.996321201324463;
First Time: 1724111744.9320893; Last Time: 1724111776.8291812; Total Time(s): 31.89709186553955;
First Time: 1724111776.8321834; Last Time: 1724111814.474692; Total Time(s): 37.64250874519348;
First Time: 1724111814.478717; Last Time: 1724111841.0133655; Total Time(s): 26.534648418426514;
First Time: 1724111841.0163665; Last Time: 1724111866.1527183; Total Time(s): 25.136351823806763;
First Time: 1724111866.1567228; Last Time: 1724111895.31706; Total Time(s): 29.160337209701538;
First Time: 1724112516.9734366; Last Time: 1724113117.241088; Total Time(s): 600.2676513195038;
First Time: 1724113117.2560894; Last Time: 1724113141.26416; Total Time(s): 24.008070468902588;
First Time: 1724113141.2691672; Last Time: 1724113171.6128402; Total Time(s): 30.34367299079895;
First Time: 1724113852.434233; Last Time: 1724113871.6715422; Total Time(s): 19.237309217453003;
First Time: 1724113871.6765358; Last Time: 1724113899.9246864; Total Time(s): 28.24815058708191;
First Time: 1724113899.9276893; Last Time: 1724113945.0041945; Total Time(s): 45.076505184173584;
First Time: 1724113945.0111978; Last Time: 1724113981.6550808; Total Time(s): 36.64388298988342;
First Time: 1724113981.6590881; Last Time: 1724114025.5761027; Total Time(s): 43.917014598846436;
First Time: 1724114025.5811107; Last Time: 1724114065.7741737; Total Time(s): 40.19306302070618;
First Time: 1724114065.7791767; Last Time: 1724114665.9437165; Total Time(s): 600.1645398139954;
First Time: 1724114665.9507186; Last Time: 1724114696.5419297; Total Time(s): 30.591211080551147;
First Time: 1724114696.549934; Last Time: 1724114734.9955885; Total Time(s): 38.44565463066101;
First Time: 1724114735.0045867; Last Time: 1724114767.6777902; Total Time(s): 32.673203468322754;
First Time: 1724114767.945857; Last Time: 1724115368.1644266; Total Time(s): 600.2185695171356;
First Time: 1724115368.169426; Last Time: 1724115968.7640867; Total Time(s): 600.5946607589722;
First Time: 1724115968.7790935; Last Time: 1724115997.901818; Total Time(s): 29.122724533081055;
First Time: 1724116544.59441; Last Time: 1724116605.4699304; Total Time(s): 60.87552046775818;
First Time: 1724116958.1356492; Last Time: 1724117027.5161452; Total Time(s): 69.38049602508545;
First Time: 1724117027.5301502; Last Time: 1724117147.727669; Total Time(s): 120.197518825531;
First Time: 1724117265.3535874; Last Time: 1724117334.951531; Total Time(s): 69.59794354438782;
First Time: 1724117334.960497; Last Time: 1724117405.7077186; Total Time(s): 70.74722170829773;
First Time: 1724117405.7107174; Last Time: 1724117477.4549944; Total Time(s): 71.74427700042725;
First Time: 1724117477.464998; Last Time: 1724117546.926001; Total Time(s): 69.46100306510925;
First Time: 1724117546.9290018; Last Time: 1724117652.6070812; Total Time(s): 105.67807936668396;
First Time: 1724117652.6270866; Last Time: 1724117821.1711156; Total Time(s): 168.54402899742126;
First Time: 1724117821.264134; Last Time: 1724117955.1070237; Total Time(s): 133.8428897857666;
First Time: 1724117955.1150239; Last Time: 1724118060.4343467; Total Time(s): 105.31932282447815;
First Time: 1724118060.4393477; Last Time: 1724118129.4904716; Total Time(s): 69.05112385749817;
First Time: 1724118129.495475; Last Time: 1724118217.8295648; Total Time(s): 88.33408975601196;
First Time: 1724118218.087641; Last Time: 1724118286.9152524; Total Time(s): 68.82761144638062;
First Time: 1724118286.925259; Last Time: 1724118356.4517083; Total Time(s): 69.52644920349121;
First Time: 1724118356.4547114; Last Time: 1724118425.6952348; Total Time(s): 69.24052333831787;
First Time: 1724118425.706236; Last Time: 1724118496.4166698; Total Time(s): 70.71043395996094;
First Time: 1724118496.418682; Last Time: 1724118566.227655; Total Time(s): 69.80897283554077;
First Time: 1724118566.2316556; Last Time: 1724118635.1803167; Total Time(s): 68.94866108894348;
First Time: 1724118635.1873188; Last Time: 1724118719.8286273; Total Time(s): 84.64130854606628;
First Time: 1724118719.8416324; Last Time: 1724118836.6959932; Total Time(s): 116.85436081886292;
First Time: 1724118836.8250232; Last Time: 1724118905.3919792; Total Time(s): 68.56695604324341;
First Time: 1724118905.3979807; Last Time: 1724118974.332685; Total Time(s): 68.93470430374146;
First Time: 1724118974.3406875; Last Time: 1724119043.4034426; Total Time(s): 69.06275510787964;
First Time: 1724119043.4094453; Last Time: 1724119129.4305258; Total Time(s): 86.021080493927;
First Time: 1724119129.4375296; Last Time: 1724119198.1310995; Total Time(s): 68.69356989860535;
First Time: 1724119198.343152; Last Time: 1724119267.6738913; Total Time(s): 69.33073925971985;
First Time: 1724119267.6778903; Last Time: 1724119336.4065259; Total Time(s): 68.72863554954529;
First Time: 1724119336.4105308; Last Time: 1724119404.7778828; Total Time(s): 68.36735200881958;
First Time: 1724119404.7818935; Last Time: 1724119474.2784266; Total Time(s): 69.49653315544128;
First Time: 1724119474.2884285; Last Time: 1724119543.3920045; Total Time(s): 69.10357594490051;
First Time: 1724119543.5350094; Last Time: 1724119612.4413373; Total Time(s): 68.90632796287537;
First Time: 1724119612.444339; Last Time: 1724119681.3730474; Total Time(s): 68.92870831489563;
First Time: 1724119681.3750453; Last Time: 1724119750.563189; Total Time(s): 69.18814373016357;
First Time: 1724119750.5671914; Last Time: 1724119818.731479; Total Time(s): 68.16428756713867;
First Time: 1724119818.7334793; Last Time: 1724119886.9579813; Total Time(s): 68.2245020866394;
First Time: 1724119886.9649715; Last Time: 1724119956.2982068; Total Time(s): 69.33323526382446;
First Time: 1724119956.3032126; Last Time: 1724120061.8906822; Total Time(s): 105.5874695777893;
First Time: 1724120062.0397227; Last Time: 1724120162.6030471; Total Time(s): 100.56332445144653;
First Time: 1724120162.6110466; Last Time: 1724120269.9169414; Total Time(s): 107.30589485168457;
First Time: 1724120269.9219468; Last Time: 1724120393.6098192; Total Time(s): 123.68787240982056;
First Time: 1724120393.6278245; Last Time: 1724120510.3435013; Total Time(s): 116.71567678451538;
First Time: 1724120510.353503; Last Time: 1724120579.7574782; Total Time(s): 69.40397524833679;
First Time: 1724120579.764479; Last Time: 1724120671.8951924; Total Time(s): 92.13071346282959;
First Time: 1724120671.9031951; Last Time: 1724120741.0060124; Total Time(s): 69.10281729698181;
First Time: 1724120741.0100205; Last Time: 1724120835.098962; Total Time(s): 94.08894157409668;
First Time: 1724120835.2319949; Last Time: 1724120923.268064; Total Time(s): 88.03606915473938;
First Time: 1724120923.2720726; Last Time: 1724120992.024292; Total Time(s): 68.75221943855286;
First Time: 1724120992.038277; Last Time: 1724121060.972745; Total Time(s): 68.93446803092957;
First Time: 1724121060.9767532; Last Time: 1724121129.905532; Total Time(s): 68.92877864837646;
First Time: 1724121129.9095345; Last Time: 1724121221.2673504; Total Time(s): 91.35781598091125;
First Time: 1724121221.2813382; Last Time: 1724121308.0399725; Total Time(s): 86.75863432884216;
First Time: 1724121308.1970124; Last Time: 1724121396.3484986; Total Time(s): 88.15148615837097;
First Time: 1724121396.3535018; Last Time: 1724121465.211553; Total Time(s): 68.85805130004883;
First Time: 1724121465.2155554; Last Time: 1724121534.1273334; Total Time(s): 68.91177797317505;
First Time: 1724121534.1343355; Last Time: 1724121617.9718597; Total Time(s): 83.83752417564392;
First Time: 1724121617.9788625; Last Time: 1724121686.5899682; Total Time(s): 68.6111056804657;
First Time: 1724121686.5959668; Last Time: 1724121776.5980587; Total Time(s): 90.00209188461304;
First Time: 1724121776.6040645; Last Time: 1724121845.2572858; Total Time(s): 68.65322136878967;
First Time: 1724121845.2632904; Last Time: 1724121914.1577384; Total Time(s): 68.8944480419159;
First Time: 1724121914.3087778; Last Time: 1724121983.2259507; Total Time(s): 68.91717290878296;
First Time: 1724121983.2299497; Last Time: 1724122052.2465682; Total Time(s): 69.01661849021912;
First Time: 1724122052.2525704; Last Time: 1724122122.133449; Total Time(s): 69.88087868690491;
First Time: 1724122122.1384504; Last Time: 1724122208.37216; Total Time(s): 86.23370957374573;
First Time: 1724122208.379162; Last Time: 1724122295.3204365; Total Time(s): 86.94127440452576;
First Time: 1724122295.3254402; Last Time: 1724122364.1551058; Total Time(s): 68.82966566085815;
First Time: 1724122364.3041408; Last Time: 1724122451.8378258; Total Time(s): 87.53368496894836;
First Time: 1724122451.8438268; Last Time: 1724122520.3373342; Total Time(s): 68.4935073852539;
First Time: 1724122520.342334; Last Time: 1724122606.68759; Total Time(s): 86.3452558517456;
First Time: 1724122606.6935883; Last Time: 1724122693.7244506; Total Time(s): 87.03086233139038;
First Time: 1724122693.7294543; Last Time: 1724122762.2660487; Total Time(s): 68.53659439086914;
First Time: 1724122762.270051; Last Time: 1724122849.8276021; Total Time(s): 87.55755114555359;
First Time: 1724122849.8346038; Last Time: 1724122934.5347369; Total Time(s): 84.70013308525085;
First Time: 1724122934.6657712; Last Time: 1724123003.7338135; Total Time(s): 69.0680422782898;
First Time: 1724123003.7418144; Last Time: 1724123074.305174; Total Time(s): 70.56335973739624;
First Time: 1724123074.3131812; Last Time: 1724123145.689204; Total Time(s): 71.37602281570435;
First Time: 1724123145.722213; Last Time: 1724123217.1762035; Total Time(s): 71.45399045944214;
First Time: 1724123217.1882067; Last Time: 1724123289.5914469; Total Time(s): 72.40324020385742;
First Time: 1724123289.6034486; Last Time: 1724123360.0530257; Total Time(s): 70.44957709312439;
First Time: 1724123360.0570252; Last Time: 1724123430.8879688; Total Time(s): 70.83094358444214;
First Time: 1724123430.899969; Last Time: 1724123504.289711; Total Time(s): 73.38974189758301;
First Time: 1724123504.524773; Last Time: 1724123574.1515145; Total Time(s): 69.62674164772034;
First Time: 1724123574.154514; Last Time: 1724123643.3020303; Total Time(s): 69.14751625061035;
First Time: 1724123643.3060324; Last Time: 1724123714.5482826; Total Time(s): 71.2422502040863;
First Time: 1724123714.5522869; Last Time: 1724123784.5435703; Total Time(s): 69.99128341674805;
First Time: 1724123784.5515697; Last Time: 1724123925.196217; Total Time(s): 140.64464735984802;
First Time: 1724124320.8658435; Last Time: 1724124346.6973689; Total Time(s): 25.831525325775146;
First Time: 1724124817.456948; Last Time: 1724124844.0110629; Total Time(s): 26.554114818572998;
First Time: 1724124844.0170627; Last Time: 1724124870.4117248; Total Time(s): 26.394662141799927;
First Time: 1724124870.416728; Last Time: 1724124896.8896937; Total Time(s): 26.472965717315674;
First Time: 1724124896.9187043; Last Time: 1724124936.53874; Total Time(s): 39.62003564834595;
First Time: 1724124936.5487444; Last Time: 1724124972.5071168; Total Time(s): 35.958372354507446;
First Time: 1724124972.511124; Last Time: 1724125003.8340986; Total Time(s): 31.322974681854248;
First Time: 1724125003.8451006; Last Time: 1724125026.2412643; Total Time(s): 22.39616370201111;
First Time: 1724125026.2452588; Last Time: 1724125054.284449; Total Time(s): 28.0391902923584;
First Time: 1724125054.2874525; Last Time: 1724125087.8310523; Total Time(s): 33.54359984397888;
First Time: 1724125087.834055; Last Time: 1724125117.3065994; Total Time(s): 29.4725444316864;
First Time: 1724125117.5886724; Last Time: 1724125150.1864412; Total Time(s): 32.597768783569336;
First Time: 1724125150.1904411; Last Time: 1724125184.445141; Total Time(s): 34.25469994544983;
First Time: 1724125184.4481404; Last Time: 1724125223.530589; Total Time(s): 39.08244872093201;
First Time: 1724125223.5365925; Last Time: 1724125264.6699607; Total Time(s): 41.133368253707886;
First Time: 1724125264.6729612; Last Time: 1724125292.0705009; Total Time(s): 27.397539615631104;
First Time: 1724125292.0775049; Last Time: 1724125321.4519649; Total Time(s): 29.374459981918335;
First Time: 1724125321.6730218; Last Time: 1724125362.5720134; Total Time(s): 40.89899158477783;
First Time: 1724125362.5750146; Last Time: 1724125394.123814; Total Time(s): 31.548799514770508;
First Time: 1724125394.4588985; Last Time: 1724125433.9033477; Total Time(s): 39.44444918632507;
First Time: 1724125433.906347; Last Time: 1724125466.146735; Total Time(s): 32.24038791656494;
First Time: 1724125466.1497357; Last Time: 1724125494.1403902; Total Time(s): 27.990654468536377;
First Time: 1724125494.1433907; Last Time: 1724125530.6486044; Total Time(s): 36.50521373748779;
First Time: 1724125530.6526103; Last Time: 1724125556.1340191; Total Time(s): 25.481408834457397;
First Time: 1724125556.1370726; Last Time: 1724125584.1930928; Total Time(s): 28.056020259857178;
First Time: 1724125584.4271505; Last Time: 1724125617.33345; Total Time(s): 32.90629959106445;
First Time: 1724125617.3364472; Last Time: 1724125642.604849; Total Time(s): 25.268401861190796;
First Time: 1724125642.6078498; Last Time: 1724125672.6580908; Total Time(s): 30.050240993499756;
First Time: 1724125672.6660676; Last Time: 1724125698.9016986; Total Time(s): 26.235630989074707;
First Time: 1724125698.9056995; Last Time: 1724125724.0239232; Total Time(s): 25.118223667144775;
First Time: 1724125724.02893; Last Time: 1724125755.1347902; Total Time(s): 31.105860233306885;
First Time: 1724125755.1527765; Last Time: 1724125821.454773; Total Time(s): 66.30199646949768;
First Time: 1724125821.4577742; Last Time: 1724125851.1707528; Total Time(s): 29.71297860145569;
First Time: 1724125851.3327925; Last Time: 1724125883.4608998; Total Time(s): 32.12810730934143;
First Time: 1724125883.4639022; Last Time: 1724125908.9418797; Total Time(s): 25.477977514266968;
First Time: 1724129291.551302; Last Time: 1724129319.829395; Total Time(s): 28.278093099594116;
First Time: 1724129319.8353977; Last Time: 1724129347.3242962; Total Time(s): 27.488898515701294;
First Time: 1724129347.3272989; Last Time: 1724129378.8151796; Total Time(s): 31.48788070678711;
First Time: 1724129378.818184; Last Time: 1724129405.4878623; Total Time(s): 26.669678449630737;
First Time: 1724129405.4908638; Last Time: 1724129427.6984386; Total Time(s): 22.20757484436035;
First Time: 1724129427.70344; Last Time: 1724129458.157037; Total Time(s): 30.45359706878662;
First Time: 1724129458.1590376; Last Time: 1724129482.664184; Total Time(s): 24.505146503448486;
First Time: 1724129482.667185; Last Time: 1724129504.5026565; Total Time(s): 21.835471391677856;
First Time: 1724129504.5066652; Last Time: 1724129534.9569817; Total Time(s): 30.450316429138184;
First Time: 1724129534.9609828; Last Time: 1724129560.7437751; Total Time(s): 25.782792329788208;
First Time: 1724129560.7457776; Last Time: 1724129590.064098; Total Time(s): 29.318320274353027;
First Time: 1724129590.0670993; Last Time: 1724129611.688028; Total Time(s): 21.62092876434326;
First Time: 1724129611.6910305; Last Time: 1724129636.347222; Total Time(s): 24.65619158744812;
First Time: 1724129636.3502238; Last Time: 1724129666.9449701; Total Time(s): 30.594746351242065;
First Time: 1724129666.9509714; Last Time: 1724129691.8692305; Total Time(s): 24.918259143829346;
First Time: 1724129691.8722296; Last Time: 1724129717.7427912; Total Time(s): 25.870561599731445;
First Time: 1724129717.745793; Last Time: 1724129749.1868644; Total Time(s): 31.441071271896362;
First Time: 1724129749.1898677; Last Time: 1724129775.6814997; Total Time(s): 26.491631984710693;
First Time: 1724129775.6855056; Last Time: 1724129807.8455563; Total Time(s): 32.16005063056946;
First Time: 1724129807.8505619; Last Time: 1724129835.9152997; Total Time(s): 28.064737796783447;
First Time: 1724129835.9193; Last Time: 1724129864.2313764; Total Time(s): 28.312076330184937;
First Time: 1724129864.235386; Last Time: 1724129893.907792; Total Time(s): 29.67240619659424;
First Time: 1724129893.9097939; Last Time: 1724129921.4779923; Total Time(s): 27.568198442459106;
First Time: 1724129921.4819965; Last Time: 1724130221.7267609; Total Time(s): 300.24476432800293;
First Time: 1724130221.7357647; Last Time: 1724130249.123906; Total Time(s): 27.38814115524292;
First Time: 1724130249.1279075; Last Time: 1724130276.9419098; Total Time(s): 27.81400227546692;
First Time: 1724130276.9459138; Last Time: 1724130577.2221103; Total Time(s): 300.27619647979736;
First Time: 1724130577.257124; Last Time: 1724130603.941869; Total Time(s): 26.68474507331848;
First Time: 1724130603.944872; Last Time: 1724130632.293977; Total Time(s): 28.3491051197052;
First Time: 1724130632.2979782; Last Time: 1724130664.3770165; Total Time(s): 32.07903838157654;
First Time: 1724130664.3839943; Last Time: 1724130692.268644; Total Time(s): 27.884649753570557;
First Time: 1724162901.2393644; Last Time: 1724162933.5958436; Total Time(s): 32.35647916793823;
First Time: 1724162933.6059446; Last Time: 1724162957.4969358; Total Time(s): 23.8909912109375;
First Time: 1724162957.5070376; Last Time: 1724162987.2130344; Total Time(s): 29.70599675178528;
First Time: 1724162987.2130344; Last Time: 1724163027.5429037; Total Time(s): 40.32986927032471;
First Time: 1724163027.5529983; Last Time: 1724163054.9518259; Total Time(s): 27.39882755279541;
First Time: 1724163054.9518259; Last Time: 1724163081.1869347; Total Time(s): 26.235108852386475;
First Time: 1724163081.1869347; Last Time: 1724163124.003561; Total Time(s): 42.81662631034851;
First Time: 1724163124.003561; Last Time: 1724163424.3235748; Total Time(s): 300.3200137615204;
First Time: 1724163424.3316455; Last Time: 1724163453.2050753; Total Time(s): 28.873429775238037;
First Time: 1724163453.2156284; Last Time: 1724163488.3316612; Total Time(s): 35.11603283882141;
First Time: 1724163488.3422296; Last Time: 1724163518.1293716; Total Time(s): 29.787142038345337;
First Time: 1724163518.1293716; Last Time: 1724163543.6419413; Total Time(s): 25.512569665908813;
First Time: 1724163543.6520505; Last Time: 1724163587.0804834; Total Time(s): 43.42843294143677;
First Time: 1724163587.0825257; Last Time: 1724163619.0442917; Total Time(s): 31.961766004562378;
First Time: 1724163619.0442917; Last Time: 1724163650.7456481; Total Time(s): 31.701356410980225;
First Time: 1724163650.7456481; Last Time: 1724163696.9399445; Total Time(s): 46.19429636001587;
First Time: 1724163696.9399445; Last Time: 1724163748.4353638; Total Time(s): 51.49541926383972;
First Time: 1724163748.441476; Last Time: 1724163797.1187868; Total Time(s): 48.67731070518494;
First Time: 1724163797.1225438; Last Time: 1724163848.3775158; Total Time(s): 51.254971981048584;
First Time: 1724163848.3846037; Last Time: 1724163885.1246805; Total Time(s): 36.740076780319214;
First Time: 1724163885.1296825; Last Time: 1724163926.6527512; Total Time(s): 41.52306866645813;
First Time: 1724163926.6558845; Last Time: 1724163969.8179874; Total Time(s): 43.162102937698364;
First Time: 1724163969.8275785; Last Time: 1724164005.18869; Total Time(s): 35.3611114025116;
First Time: 1724164005.1929502; Last Time: 1724164035.2826188; Total Time(s): 30.08966851234436;
First Time: 1724164035.2866235; Last Time: 1724164081.20349; Total Time(s): 45.91686654090881;
First Time: 1724164081.2084975; Last Time: 1724164121.9963217; Total Time(s): 40.78782415390015;
First Time: 1724164122.0054548; Last Time: 1724164164.440619; Total Time(s): 42.43516421318054;
First Time: 1724164164.4437432; Last Time: 1724164199.6236916; Total Time(s): 35.17994832992554;
First Time: 1724164199.6288822; Last Time: 1724164248.1975737; Total Time(s): 48.56869149208069;
First Time: 1724164248.2015457; Last Time: 1724164298.6580465; Total Time(s): 50.4565007686615;
First Time: 1724164298.6612582; Last Time: 1724164348.6264088; Total Time(s): 49.965150594711304;
First Time: 1724164348.6338117; Last Time: 1724164389.003425; Total Time(s): 40.36961317062378;
First Time: 1724164389.0094259; Last Time: 1724164439.979828; Total Time(s): 50.970402002334595;
First Time: 1724164439.990392; Last Time: 1724164486.8811808; Total Time(s): 46.89078879356384;
First Time: 1724164486.8844056; Last Time: 1724164554.6651585; Total Time(s): 67.78075289726257;
First Time: 1724164554.6691637; Last Time: 1724164585.1131713; Total Time(s): 30.444007635116577;
First Time: 1724164585.1163087; Last Time: 1724164885.7009542; Total Time(s): 300.58464550971985;
First Time: 1724164885.7169986; Last Time: 1724164931.303253; Total Time(s): 45.586254358291626;
First Time: 1724164931.310134; Last Time: 1724164966.2558546; Total Time(s): 34.94572067260742;
First Time: 1724164966.2628784; Last Time: 1724165005.6846185; Total Time(s): 39.42174005508423;
First Time: 1724165005.6909654; Last Time: 1724165046.4461772; Total Time(s): 40.75521183013916;
First Time: 1724165046.4532082; Last Time: 1724165346.9434278; Total Time(s): 300.4902195930481;
First Time: 1724165346.960386; Last Time: 1724165383.1016178; Total Time(s): 36.14123177528381;
First Time: 1724165383.1056166; Last Time: 1724165411.535823; Total Time(s): 28.430206537246704;
First Time: 1724165411.5399776; Last Time: 1724165456.629793; Total Time(s): 45.08981537818909;
First Time: 1724165456.6329167; Last Time: 1724165486.4959345; Total Time(s): 29.863017797470093;
First Time: 1724165486.5012572; Last Time: 1724165525.0519943; Total Time(s): 38.550737142562866;
First Time: 1724165525.0600116; Last Time: 1724165560.9861932; Total Time(s): 35.92618155479431;
First Time: 1724165560.9951863; Last Time: 1724165593.674865; Total Time(s): 32.67967867851257;
First Time: 1724165593.6790273; Last Time: 1724165628.3005702; Total Time(s): 34.62154293060303;
First Time: 1724165628.304576; Last Time: 1724165659.1212149; Total Time(s): 30.816638946533203;
First Time: 1724165659.1248624; Last Time: 1724165686.2507293; Total Time(s): 27.125866889953613;
First Time: 1724165686.2507293; Last Time: 1724165717.2408113; Total Time(s): 30.990082025527954;
First Time: 1724165717.244606; Last Time: 1724165743.8072371; Total Time(s): 26.562631130218506;
First Time: 1724165743.8196192; Last Time: 1724165771.8617833; Total Time(s): 28.042164087295532;
First Time: 1724165771.8665674; Last Time: 1724165805.1685064; Total Time(s): 33.30193901062012;
First Time: 1724165805.1728523; Last Time: 1724165833.875733; Total Time(s): 28.70288062095642;
First Time: 1724165833.878734; Last Time: 1724166134.1493287; Total Time(s): 300.2705945968628;
First Time: 1724166134.1603308; Last Time: 1724166156.9673312; Total Time(s): 22.807000398635864;
First Time: 1724166156.9726264; Last Time: 1724166178.3995283; Total Time(s): 21.426901817321777;
First Time: 1724166178.4041855; Last Time: 1724166207.9765327; Total Time(s): 29.572347164154053;
First Time: 1724166207.9795399; Last Time: 1724166233.5352268; Total Time(s): 25.555686950683594;
First Time: 1724166233.5384092; Last Time: 1724166262.8673472; Total Time(s): 29.328938007354736;
First Time: 1724166262.872273; Last Time: 1724166292.1015549; Total Time(s): 29.229281902313232;
First Time: 1724166292.1055574; Last Time: 1724166317.4505363; Total Time(s): 25.34497880935669;
First Time: 1724166317.4545486; Last Time: 1724166342.9840128; Total Time(s): 25.52946424484253;
First Time: 1724166342.9890182; Last Time: 1724166373.8807473; Total Time(s): 30.89172911643982;
First Time: 1724166373.8847566; Last Time: 1724166400.767322; Total Time(s): 26.88256549835205;
First Time: 1724166400.771329; Last Time: 1724166701.054483; Total Time(s): 300.2831540107727;
First Time: 1724166701.0644872; Last Time: 1724166725.7663443; Total Time(s): 24.701857089996338;
First Time: 1724166725.7689164; Last Time: 1724167026.0438383; Total Time(s): 300.2749218940735;
First Time: 1724167026.046839; Last Time: 1724167053.9301982; Total Time(s): 27.88335919380188;
First Time: 1724167053.9332004; Last Time: 1724167078.1126635; Total Time(s): 24.179463148117065;
First Time: 1724167078.1166632; Last Time: 1724167109.7843683; Total Time(s): 31.667705059051514;
First Time: 1724167109.7883704; Last Time: 1724167410.0793676; Total Time(s): 300.2909972667694;
First Time: 1724167410.086373; Last Time: 1724167437.8556387; Total Time(s): 27.76926565170288;
First Time: 1724167437.859642; Last Time: 1724167461.3530526; Total Time(s): 23.49341058731079;
First Time: 1724167461.3560522; Last Time: 1724167493.0644894; Total Time(s): 31.708437204360962;
First Time: 1724167493.069497; Last Time: 1724167519.7418818; Total Time(s): 26.67238473892212;
First Time: 1724167519.7448845; Last Time: 1724167547.0558355; Total Time(s): 27.310950994491577;
First Time: 1724167547.0558355; Last Time: 1724167578.204931; Total Time(s): 31.14909553527832;
First Time: 1724167578.2089367; Last Time: 1724167600.9502504; Total Time(s): 22.741313695907593;
First Time: 1724167600.9562664; Last Time: 1724167627.3333898; Total Time(s): 26.37712335586548;
First Time: 1724167627.3363938; Last Time: 1724167656.2992585; Total Time(s): 28.962864637374878;
First Time: 1724167656.30226; Last Time: 1724167683.164888; Total Time(s): 26.86262798309326;
First Time: 1724167683.164888; Last Time: 1724167713.9069753; Total Time(s): 30.742087364196777;
First Time: 1724167713.9170673; Last Time: 1724167735.469; Total Time(s): 21.55193281173706;
First Time: 1724167735.4730048; Last Time: 1724167762.4646802; Total Time(s): 26.99167537689209;
First Time: 1724167762.4686837; Last Time: 1724167793.9880383; Total Time(s): 31.519354581832886;
First Time: 1724167793.9910393; Last Time: 1724167820.3906963; Total Time(s): 26.399657011032104;
First Time: 1724167820.3947043; Last Time: 1724167843.2514317; Total Time(s): 22.856727361679077;
First Time: 1724167843.2564347; Last Time: 1724167868.9929774; Total Time(s): 25.73654270172119;
First Time: 1724167868.9990253; Last Time: 1724167891.4123228; Total Time(s): 22.413297414779663;
First Time: 1724167891.4173338; Last Time: 1724167917.9358134; Total Time(s): 26.518479585647583;
First Time: 1724167917.9459252; Last Time: 1724167946.9062676; Total Time(s): 28.960342407226562;
First Time: 1724167946.9102669; Last Time: 1724167973.1763952; Total Time(s): 26.266128301620483;
First Time: 1724167973.1793973; Last Time: 1724167999.6047711; Total Time(s): 26.425373792648315;
First Time: 1724167999.6087778; Last Time: 1724168029.7043345; Total Time(s): 30.09555673599243;
First Time: 1724168029.708337; Last Time: 1724168056.2855117; Total Time(s): 26.5771746635437;
First Time: 1724168056.288513; Last Time: 1724168086.116982; Total Time(s): 29.828469038009644;
First Time: 1724168086.555259; Last Time: 1724168386.8531115; Total Time(s): 300.2978525161743;
First Time: 1724168386.8591151; Last Time: 1724168410.2902565; Total Time(s): 23.43114137649536;
First Time: 1724168410.2902565; Last Time: 1724168435.6638575; Total Time(s): 25.373600959777832;
First Time: 1724168435.6688592; Last Time: 1724168465.9208612; Total Time(s): 30.252002000808716;
First Time: 1724168465.9251904; Last Time: 1724168766.1805673; Total Time(s): 300.2553768157959;
First Time: 1724168766.1855693; Last Time: 1724168787.7429185; Total Time(s): 21.55734920501709;
First Time: 1724168787.7459192; Last Time: 1724169087.9640145; Total Time(s): 300.2180953025818;
First Time: 1724169087.9810174; Last Time: 1724169105.5357895; Total Time(s): 17.55477213859558;
First Time: 1724169105.5396667; Last Time: 1724169127.9445498; Total Time(s): 22.40488314628601;
First Time: 1724169127.947702; Last Time: 1724169428.2277632; Total Time(s): 300.2800612449646;
First Time: 1724169428.234762; Last Time: 1724169728.5477455; Total Time(s): 300.3129835128784;
First Time: 1724169728.5507462; Last Time: 1724169749.8308086; Total Time(s): 21.280062437057495;
First Time: 1724169749.8334346; Last Time: 1724169771.451427; Total Time(s): 21.617992401123047;
First Time: 1724169771.4544287; Last Time: 1724169794.2131658; Total Time(s): 22.758737087249756;
First Time: 1724169794.2151692; Last Time: 1724170094.5327358; Total Time(s): 300.3175666332245;
First Time: 1724170094.5477664; Last Time: 1724170112.5847232; Total Time(s): 18.036956787109375;
First Time: 1724170112.5883286; Last Time: 1724170134.2132328; Total Time(s): 21.6249041557312;
First Time: 1724170134.2163615; Last Time: 1724170434.4866273; Total Time(s): 300.2702658176422;
First Time: 1724170434.5050704; Last Time: 1724170467.2002618; Total Time(s): 32.695191383361816;
First Time: 1724170467.206415; Last Time: 1724170493.1448498; Total Time(s): 25.938434839248657;
First Time: 1724170493.1479266; Last Time: 1724170533.7859018; Total Time(s): 40.637975215911865;
First Time: 1724170533.7945588; Last Time: 1724170579.8050177; Total Time(s): 46.01045894622803;
First Time: 1724170579.8090267; Last Time: 1724170880.4774842; Total Time(s): 300.66845750808716;
First Time: 1724170880.4814882; Last Time: 1724171180.8958087; Total Time(s): 300.4143204689026;
First Time: 1724171180.9138973; Last Time: 1724171214.416756; Total Time(s): 33.50285863876343;
First Time: 1724171214.4237819; Last Time: 1724171515.5813527; Total Time(s): 301.1575708389282;
First Time: 1724171515.594354; Last Time: 1724171570.1570814; Total Time(s): 54.56272745132446;
First Time: 1724171570.1620085; Last Time: 1724171611.4522185; Total Time(s): 41.290210008621216;
First Time: 1724171611.4612226; Last Time: 1724171659.2574732; Total Time(s): 47.79625058174133;
First Time: 1724171659.2614853; Last Time: 1724171684.895099; Total Time(s): 25.63361358642578;
First Time: 1724171684.8981004; Last Time: 1724171712.1222541; Total Time(s): 27.224153757095337;
First Time: 1724171712.1302571; Last Time: 1724171757.7663956; Total Time(s): 45.63613843917847;
First Time: 1724171757.7693982; Last Time: 1724172058.5472455; Total Time(s): 300.77784729003906;
First Time: 1724172058.5494003; Last Time: 1724172359.282896; Total Time(s): 300.7334957122803;
First Time: 1724172359.2939012; Last Time: 1724172382.2037225; Total Time(s): 22.909821271896362;
First Time: 1724172382.2077215; Last Time: 1724172414.0430744; Total Time(s): 31.835352897644043;
First Time: 1724172414.046078; Last Time: 1724172714.8997095; Total Time(s): 300.85363149642944;
First Time: 1724172714.9127138; Last Time: 1724172757.110368; Total Time(s): 42.197654247283936;
First Time: 1724172757.114373; Last Time: 1724172800.5879774; Total Time(s): 43.47360444068909;
First Time: 1724172800.5909798; Last Time: 1724172847.0834763; Total Time(s): 46.492496490478516;
First Time: 1724172847.0874755; Last Time: 1724173147.3441052; Total Time(s): 300.2566297054291;
First Time: 1724173147.352108; Last Time: 1724173189.667679; Total Time(s): 42.31557106971741;
First Time: 1724173189.67468; Last Time: 1724173490.0880725; Total Time(s): 300.4133925437927;
First Time: 1724173490.0920699; Last Time: 1724173790.4196596; Total Time(s): 300.3275897502899;
First Time: 1724173790.4246638; Last Time: 1724173815.4432507; Total Time(s): 25.01858687400818;
First Time: 1724173815.449255; Last Time: 1724173854.7645457; Total Time(s): 39.315290689468384;
First Time: 1724173854.7695475; Last Time: 1724174155.0708022; Total Time(s): 300.3012547492981;
First Time: 1724174155.0878034; Last Time: 1724174455.9664135; Total Time(s): 300.87861013412476;
First Time: 1724174455.9714189; Last Time: 1724174756.9436064; Total Time(s): 300.9721875190735;
First Time: 1724174756.955609; Last Time: 1724175057.4064007; Total Time(s): 300.45079159736633;
First Time: 1724175057.4189832; Last Time: 1724175094.1925035; Total Time(s): 36.77352023124695;
First Time: 1724175094.2035067; Last Time: 1724175128.7449217; Total Time(s): 34.541414976119995;
First Time: 1724175128.7632122; Last Time: 1724175176.2202108; Total Time(s): 47.45699858665466;
First Time: 1724175176.225208; Last Time: 1724175222.6125128; Total Time(s): 46.38730478286743;
First Time: 1724175222.6226363; Last Time: 1724175282.0727956; Total Time(s): 59.450159311294556;
First Time: 1724175282.0727956; Last Time: 1724175324.1709733; Total Time(s): 42.098177671432495;
First Time: 1724175324.179057; Last Time: 1724175624.5689454; Total Time(s): 300.38988852500916;
First Time: 1724175624.5719452; Last Time: 1724175644.3005342; Total Time(s): 19.728589057922363;
First Time: 1724175644.3085728; Last Time: 1724175944.7087097; Total Time(s): 300.40013694763184;
First Time: 1724175944.719358; Last Time: 1724175996.4871647; Total Time(s): 51.76780676841736;
First Time: 1724175996.4901617; Last Time: 1724176043.8970544; Total Time(s): 47.40689277648926;
First Time: 1724176043.8990922; Last Time: 1724176084.331996; Total Time(s): 40.43290376663208;
First Time: 1724176084.331996; Last Time: 1724176126.6623867; Total Time(s): 42.3303906917572;
First Time: 1724176126.6644268; Last Time: 1724176154.4964488; Total Time(s): 27.832021951675415;
First Time: 1724176154.5065732; Last Time: 1724176454.8712578; Total Time(s): 300.3646845817566;
First Time: 1724176454.8742592; Last Time: 1724176755.1595778; Total Time(s): 300.28531861305237;
First Time: 1724176755.176215; Last Time: 1724176785.8457096; Total Time(s): 30.66949462890625;
First Time: 1724176785.8457096; Last Time: 1724176823.9222007; Total Time(s): 38.07649111747742;
First Time: 1724176823.9222007; Last Time: 1724176856.122984; Total Time(s): 32.200783252716064;
First Time: 1724176856.131405; Last Time: 1724176885.543187; Total Time(s): 29.411781787872314;
First Time: 1724176885.5492907; Last Time: 1724176913.2413638; Total Time(s): 27.692073106765747;
First Time: 1724176913.2413638; Last Time: 1724176944.3189192; Total Time(s): 31.077555418014526;
First Time: 1724176944.3189192; Last Time: 1724176972.8682616; Total Time(s): 28.549342393875122;
First Time: 1724176972.8682616; Last Time: 1724177000.2280395; Total Time(s): 27.35977792739868;
First Time: 1724177000.238479; Last Time: 1724177030.6890805; Total Time(s): 30.45060157775879;
First Time: 1724177030.6991732; Last Time: 1724177056.1625144; Total Time(s): 25.463341236114502;
First Time: 1724177056.1645846; Last Time: 1724177356.5075815; Total Time(s): 300.3429968357086;
First Time: 1724177356.511583; Last Time: 1724177377.9447868; Total Time(s): 21.43320369720459;
First Time: 1724177377.946821; Last Time: 1724177406.661918; Total Time(s): 28.715096950531006;
First Time: 1724177406.6639674; Last Time: 1724177438.9595618; Total Time(s): 32.295594453811646;
First Time: 1724177438.969665; Last Time: 1724177467.296785; Total Time(s): 28.327120065689087;
First Time: 1724177467.3048234; Last Time: 1724177489.1317706; Total Time(s): 21.82694721221924;
First Time: 1724177489.1317706; Last Time: 1724177521.349728; Total Time(s): 32.217957496643066;
First Time: 1724177521.3577719; Last Time: 1724177821.5937016; Total Time(s): 300.2359297275543;
First Time: 1724177821.6067138; Last Time: 1724178121.944534; Total Time(s): 300.33782029151917;
First Time: 1724178121.9507303; Last Time: 1724178141.374165; Total Time(s): 19.423434734344482;
First Time: 1724178141.6547546; Last Time: 1724178164.456315; Total Time(s): 22.801560401916504;
First Time: 1724178164.456315; Last Time: 1724178464.8265069; Total Time(s): 300.37019181251526;
First Time: 1724178464.830508; Last Time: 1724178488.9339125; Total Time(s): 24.10340452194214;
First Time: 1724178488.9359531; Last Time: 1724178789.253579; Total Time(s): 300.3176257610321;
First Time: 1724178789.2585812; Last Time: 1724178819.7191682; Total Time(s): 30.46058702468872;
First Time: 1724178819.7191682; Last Time: 1724178852.6373053; Total Time(s): 32.918137073516846;
First Time: 1724178852.647317; Last Time: 1724179152.9317226; Total Time(s): 300.284405708313;
First Time: 1724179152.938851; Last Time: 1724179453.3493202; Total Time(s): 300.4104690551758;
First Time: 1724179453.3636792; Last Time: 1724179491.3317168; Total Time(s): 37.968037605285645;
First Time: 1724179491.3418262; Last Time: 1724179524.0068972; Total Time(s): 32.6650710105896;
First Time: 1724179524.0079415; Last Time: 1724179824.4846497; Total Time(s): 300.47670817375183;
First Time: 1724179824.4933343; Last Time: 1724179872.6980655; Total Time(s): 48.20473122596741;
First Time: 1724179872.7082121; Last Time: 1724179912.0074134; Total Time(s): 39.299201250076294;
First Time: 1724179912.028146; Last Time: 1724180212.5787165; Total Time(s): 300.5505704879761;
First Time: 1724180212.5817196; Last Time: 1724180237.2587972; Total Time(s): 24.677077531814575;
First Time: 1724180237.2587972; Last Time: 1724180272.256538; Total Time(s): 34.997740745544434;
First Time: 1724180272.25954; Last Time: 1724180572.722267; Total Time(s): 300.46272683143616;
First Time: 1724180572.7262735; Last Time: 1724180599.5422547; Total Time(s): 26.815981149673462;
First Time: 1724180599.5422547; Last Time: 1724180631.416114; Total Time(s): 31.873859405517578;
First Time: 1724180631.416114; Last Time: 1724180653.453839; Total Time(s): 22.03772497177124;
First Time: 1724180653.4619107; Last Time: 1724180956.517995; Total Time(s): 303.05608439445496;
First Time: 1724180956.5363886; Last Time: 1724180991.2196465; Total Time(s): 34.683257818222046;
First Time: 1724180991.238865; Last Time: 1724181016.172589; Total Time(s): 24.93372416496277;
First Time: 1724181016.1806195; Last Time: 1724181047.4250934; Total Time(s): 31.244473934173584;
First Time: 1724181047.4433236; Last Time: 1724181078.9644496; Total Time(s): 31.52112603187561;
First Time: 1724181078.9734197; Last Time: 1724181379.626602; Total Time(s): 300.6531822681427;
First Time: 1724181379.6335945; Last Time: 1724181680.8096955; Total Time(s): 301.1761009693146;
First Time: 1724181680.828; Last Time: 1724181713.9470427; Total Time(s): 33.11904263496399;
First Time: 1724181713.9485753; Last Time: 1724181742.7575731; Total Time(s): 28.808997869491577;
First Time: 1724181742.7575731; Last Time: 1724181780.647162; Total Time(s): 37.889588832855225;
First Time: 1724181780.6575224; Last Time: 1724181812.5593429; Total Time(s): 31.901820421218872;
First Time: 1724181812.561446; Last Time: 1724181855.7944124; Total Time(s): 43.23296642303467;
First Time: 1724181855.8024952; Last Time: 1724182156.1371107; Total Time(s): 300.3346154689789;
First Time: 1724182156.142651; Last Time: 1724182177.5749445; Total Time(s): 21.43229341506958;
First Time: 1724182177.5769715; Last Time: 1724182478.3340266; Total Time(s): 300.7570550441742;
First Time: 1724182478.3431745; Last Time: 1724182529.0164597; Total Time(s): 50.673285245895386;
